{
  "posts": [
    {
      "id": 1,
      "title": "The Rise of Remote Work in Tech",
      "slug": "the-rise-of-remote-work-in-tech",
      "author": "Jane Doe",
      "datePublished": "2025-09-20",
      "category": "Technology",
      "tags": ["remote work", "future of work", "technology"],
      "likes": 12,
      "content": "Remote work has reshaped the way we think about jobs in the tech industry. Once considered a perk, it has now become the default mode of operation for many companies. Developers, designers, and project managers are collaborating across time zones using advanced tools like Slack, Zoom, and GitHub. This shift has increased opportunities for global collaboration and created a more inclusive workforce. However, challenges such as communication breakdowns, digital fatigue, and blurred work-life boundaries continue to be areas companies must address.\n\nOne of the most exciting aspects of remote work is its impact on talent distribution. Companies are no longer limited to local hires and can access global pools of skilled workers. This trend has leveled the playing field for professionals in regions traditionally overlooked by Silicon Valley. At the same time, it has forced organizations to rethink compensation models, benefits, and support systems for a distributed workforce."
    },
    {
      "id": 2,
      "title": "AI and Creativity: Can Machines Replace Artists?",
      "slug": "ai-and-creativity-can-machines-replace-artists",
      "author": "John Smith",
      "datePublished": "2025-09-19",
      "category": "Artificial Intelligence",
      "tags": ["AI", "creativity", "art"],
      "likes": 18,
      "content": "Artificial Intelligence has entered the creative domain, producing music, paintings, and even novels. While these AI-generated works often surprise us with their quality, they raise a profound question: can machines truly replace human creativity? The answer is nuanced. AI excels at pattern recognition and style replication, but it lacks the lived experiences, emotions, and cultural context that shape human expression.\n\nInstead of replacing artists, AI tools are more likely to serve as collaborators. For example, musicians use AI-driven platforms to generate new melodies, which they can then refine and personalize. Writers may rely on AI to overcome creative blocks or explore alternative plotlines. This partnership opens new doors for innovation, but it also challenges us to rethink what originality means in a world where humans and machines co-create."
    },
    {
      "id": 3,
      "title": "Why Cybersecurity Matters More Than Ever",
      "slug": "why-cybersecurity-matters-more-than-ever",
      "author": "Alex Johnson",
      "datePublished": "2025-09-18",
      "category": "Cybersecurity",
      "tags": ["cybersecurity", "data protection", "privacy"],
      "likes": 9,
      "content": "In today’s digital-first world, cybersecurity is no longer an afterthought—it is a necessity. High-profile breaches continue to expose sensitive data, costing businesses millions and eroding customer trust. With the rise of remote work and cloud computing, attack surfaces have multiplied, giving cybercriminals more entry points than ever before.\n\nTo address these threats, organizations are adopting zero-trust frameworks, multi-factor authentication, and AI-driven threat detection systems. However, technology alone is not enough. Employee training and awareness remain critical, as human error is still the leading cause of security breaches. Ultimately, cybersecurity must be viewed as a shared responsibility between businesses, employees, and even customers who engage with online platforms daily."
    },
    {
      "id": 4,
      "title": "The Evolution of Web Design: From Static Pages to Interactive Experiences",
      "slug": "the-evolution-of-web-design",
      "author": "Sophia Lee",
      "datePublished": "2025-09-17",
      "category": "Web Development",
      "tags": ["web design", "UX", "UI"],
      "likes": 16,
      "content": "Web design has come a long way since the early days of static HTML pages with limited styling. Today’s websites are dynamic, interactive, and highly responsive to user needs. The focus has shifted from simply displaying information to crafting engaging digital experiences that tell stories and drive conversions.\n\nModern web design emphasizes mobile-first strategies, accessibility, and fast loading times. Frameworks like React, Vue, and Svelte allow developers to create highly interactive applications, while design systems such as Material UI and Tailwind CSS ensure consistency across platforms. Beyond aesthetics, web design is increasingly about empathy—understanding the needs of users and removing friction from their online journeys."
    },
    {
      "id": 5,
      "title": "The Green Tech Revolution: How Startups are Driving Sustainability",
      "slug": "the-green-tech-revolution",
      "author": "David Green",
      "datePublished": "2025-09-16",
      "category": "Sustainability",
      "tags": ["green tech", "sustainability", "startups"],
      "likes": 7,
      "content": "Climate change has sparked an urgent need for sustainable innovations, and tech startups are stepping up to the challenge. From renewable energy solutions to waste reduction platforms, entrepreneurs are finding creative ways to reduce humanity’s environmental footprint. Startups are not only innovating but also influencing larger corporations to rethink their sustainability strategies.\n\nOne promising area is clean energy storage. As renewable energy adoption increases, efficient storage solutions are necessary to ensure consistency. Additionally, green fintech companies are emerging, offering individuals and businesses opportunities to invest in environmentally friendly projects. The green tech revolution is not just a trend—it is becoming a cornerstone of the global economy."
    },
    {
      "id": 6,
      "title": "The Future of Education: Learning in the Age of AI",
      "slug": "the-future-of-education",
      "author": "Maria Gonzalez",
      "datePublished": "2025-09-15",
      "category": "Education",
      "tags": ["education", "AI", "future"],
      "likes": 15,
      "content": "Education is undergoing a transformation, with AI playing a central role. Personalized learning platforms can now adapt to each student’s pace, strengths, and weaknesses. This has the potential to close gaps in traditional education systems, offering more equitable access to quality learning resources.\n\nHowever, this shift comes with challenges. Teachers must learn to integrate AI tools effectively without losing the human connection that makes education meaningful. Ethical concerns also arise, such as how student data is collected, stored, and used. Despite these hurdles, the combination of AI and human teaching holds immense promise for preparing future generations for an ever-changing world."
    },
    {
      "id": 7,
      "title": "Decoding Blockchain Beyond Cryptocurrency",
      "slug": "decoding-blockchain-beyond-cryptocurrency",
      "author": "Michael Carter",
      "datePublished": "2025-09-14",
      "category": "Blockchain",
      "tags": ["blockchain", "technology", "innovation"],
      "likes": 20,
      "content": "When people hear the word blockchain, they often think of Bitcoin and other cryptocurrencies. But the technology extends far beyond digital money. Blockchain provides a decentralized, transparent, and tamper-proof system that is finding applications across industries, from supply chain management to healthcare record keeping.\n\nFor instance, blockchain can improve traceability in food supply chains, ensuring safety and authenticity for consumers. In the healthcare sector, secure patient data management can reduce fraud and enhance care delivery. As the technology matures, regulatory frameworks will play a critical role in shaping its adoption and ensuring it benefits society as a whole."
    },
    {
      "id": 8,
      "title": "Mental Health in the Digital Age",
      "slug": "mental-health-in-the-digital-age",
      "author": "Emily Brown",
      "datePublished": "2025-09-13",
      "category": "Health",
      "tags": ["mental health", "digital age", "well-being"],
      "likes": 10,
      "content": "The digital revolution has brought both convenience and new challenges to mental health. Social media, while connecting people globally, has also been linked to issues like anxiety, depression, and reduced self-esteem. Constant notifications and digital distractions further contribute to mental fatigue.\n\nTo counter these effects, individuals are embracing digital detox practices and mindfulness apps. Employers are also recognizing the need for mental health programs that support their workforce in managing stress. As society continues to adapt to digital-first lifestyles, striking a balance between connectivity and mental well-being becomes increasingly crucial."
    },
    {
      "id": 9,
      "title": "The Role of Women in Shaping the Tech Industry",
      "slug": "the-role-of-women-in-tech",
      "author": "Olivia Wang",
      "datePublished": "2025-09-12",
      "category": "Diversity & Inclusion",
      "tags": ["women in tech", "diversity", "equality"],
      "likes": 6,
      "content": "Women have been integral to the evolution of technology, from Ada Lovelace’s pioneering algorithms to Grace Hopper’s groundbreaking programming languages. Yet, gender gaps in representation and leadership remain a challenge in today’s tech industry. Initiatives to support women in tech are making an impact, but there is still much work to do.\n\nMentorship programs, inclusive hiring practices, and workplace policies designed to support work-life balance are helping create pathways for women to thrive. Celebrating female role models also inspires the next generation of women to pursue careers in STEM. A more diverse and inclusive tech industry benefits everyone, leading to stronger innovation and better problem-solving."
    },
    {
      "id": 10,
      "title": "The Gig Economy: Opportunities and Risks",
      "slug": "the-gig-economy-opportunities-and-risks",
      "author": "Daniel Kim",
      "datePublished": "2025-09-11",
      "category": "Economy",
      "tags": ["gig economy", "freelancing", "future of work"],
      "likes": 3,
      "content": "The gig economy has opened new opportunities for individuals seeking flexibility in their careers. Platforms like Uber, Fiverr, and Upwork have enabled millions to earn income outside traditional employment structures. For some, gig work offers freedom and independence. For others, it provides a way to supplement existing income.\n\nHowever, the gig economy also presents risks. Lack of job security, inconsistent income, and limited access to benefits leave many gig workers vulnerable. Governments and policymakers are beginning to address these issues by exploring new labor protections and rights tailored to freelance and contract workers. The future of the gig economy will depend on finding a balance between flexibility and fairness."
    },
    {
      "id": 11,
      "title": "5G and the Future of Connectivity",
      "slug": "5g-and-the-future-of-connectivity",
      "author": "Liam Roberts",
      "datePublished": "2025-09-10",
      "category": "Technology",
      "tags": ["5G", "connectivity", "telecommunications"],
      "likes": 14,
      "content": "The rollout of 5G networks promises to revolutionize connectivity, offering faster speeds, lower latency, and the ability to connect billions of devices simultaneously. This has implications for industries ranging from healthcare to transportation.\n\nSelf-driving cars, for example, rely on ultra-fast data transfer to make real-time decisions. In healthcare, 5G enables remote surgeries powered by robotics. For everyday users, it means seamless streaming, gaming, and communication experiences. However, widespread adoption requires significant infrastructure investments, and concerns about data security and privacy remain central to the conversation."
    },
    {
      "id": 12,
      "title": "How NFTs are Changing Digital Ownership",
      "slug": "how-nfts-are-changing-digital-ownership",
      "author": "Sophia Carter",
      "datePublished": "2025-09-09",
      "category": "Blockchain",
      "tags": ["NFTs", "digital ownership", "blockchain"],
      "likes": 11,
      "content": "Non-Fungible Tokens (NFTs) have introduced a new way of owning digital assets. From digital art to music and virtual real estate, NFTs allow creators to monetize their work and buyers to claim verifiable ownership. This has sparked both excitement and controversy in equal measure.\n\nCritics argue that many NFTs are speculative and environmentally costly due to energy-intensive blockchain networks. Supporters believe NFTs will redefine how we think about digital rights management and intellectual property. As the hype settles, the focus is shifting toward practical applications such as event ticketing, gaming, and virtual identities."
    },
    {
      "id": 13,
      "title": "The Intersection of Fashion and Technology",
      "slug": "the-intersection-of-fashion-and-technology",
      "author": "Amelia Stone",
      "datePublished": "2025-09-08",
      "category": "Lifestyle",
      "tags": ["fashion tech", "wearables", "innovation"],
      "likes": 8,
      "content": "Fashion and technology are merging in fascinating ways. Wearable devices, smart fabrics, and AI-driven design tools are redefining how we experience clothing. Beyond aesthetics, fashion tech is addressing issues such as sustainability and accessibility.\n\nSmart fabrics can monitor health metrics, while 3D printing allows for customized designs with minimal waste. Fashion brands are also leveraging augmented reality (AR) to enhance online shopping experiences. As consumer preferences shift toward personalization and sustainability, the fashion industry is likely to adopt even more technological innovations in the coming years."
    },
    {
      "id": 14,
      "title": "Why Storytelling is the Future of Marketing",
      "slug": "why-storytelling-is-the-future-of-marketing",
      "author": "Noah Patel",
      "datePublished": "2025-09-07",
      "category": "Marketing",
      "tags": ["storytelling", "marketing", "branding"],
      "likes": 19,
      "content": "In an age where consumers are bombarded with advertisements, storytelling has emerged as a powerful tool for brands to connect emotionally with their audiences. Rather than pushing products, companies are crafting narratives that highlight values, missions, and experiences.\n\nStory-driven campaigns resonate because they feel authentic and relatable. Social media platforms have amplified this trend, allowing brands to engage audiences through short videos, podcasts, and interactive content. Storytelling not only builds loyalty but also turns customers into advocates who share the brand’s message organically."
    },
    {
      "id": 15,
      "title": "The Ethics of Artificial Intelligence",
      "slug": "the-ethics-of-artificial-intelligence",
      "author": "Ethan James",
      "datePublished": "2025-09-06",
      "category": "Ethics",
      "tags": ["AI", "ethics", "responsibility"],
      "likes": 2,
      "content": "As artificial intelligence becomes more integrated into daily life, ethical questions are taking center stage. Issues such as bias in algorithms, data privacy, and the potential for job displacement raise concerns about how AI should be governed.\n\nCompanies developing AI tools face increasing pressure to prioritize transparency and fairness. Meanwhile, policymakers are grappling with how to regulate AI without stifling innovation. Public trust in AI will ultimately depend on the ability of industry leaders, governments, and communities to address these ethical challenges responsibly."
    }
  ]
}